adm0_a3,pays,annee,taux
DEU,Allemagne,2016,3.9
AUT,Autriche,2016,6.5
BEL,Belgique,2016,7.9
BGR,Bulgarie,2016,8.6
CYP,Chypre,2016,13.0
HRV,Croatie,2016,13.0
DNK,Danemark,2016,6.0
ESP,Espagne,2016,19.6
EST,Estonie,2016,6.8
FIN,Finlande,2016,8.9
FRA,France,2016,10.1
GRC,Grèce,2016,23.9
HUN,Hongrie,2016,5.0
IRL,Irlande,2016,8.4
ISL,Islande,2016,3.0
ITA,Italie,2016,11.7
LVA,Lettonie,2016,9.7
LTU,Lituanie,2016,7.9
LUX,Luxembourg,2016,6.3
MKD,Macédoine du Nord,2016,23.7
MLT,Malte,2016,4.7
NOR,Norvège,2016,4.9
NLD,Pays-Bas,2016,7.0
POL,Pologne,2016,6.3
PRT,Portugal,2016,11.5
ROU,Roumanie,2016,7.2
SRB,Serbie,2016,16.5
SVK,Slovaquie,2016,9.6
SVN,Slovénie,2016,8.0
CHE,Suisse,2016,5.0
SWE,Suède,2016,7.1
CZE,Tchéquie,2016,4.0
TUR,Türkiye,2016,10.9
DEU,Allemagne,2017,3.5
AUT,Autriche,2017,5.9
BEL,Belgique,2017,7.2
BGR,Bulgarie,2017,7.2
CYP,Chypre,2017,11.1
HRV,Croatie,2017,11.1
DNK,Danemark,2017,5.8
ESP,Espagne,2017,17.2
EST,Estonie,2017,5.8
FIN,Finlande,2017,8.7
FRA,France,2017,9.4
GRC,Grèce,2017,21.8
HUN,Hongrie,2017,4.0
IRL,Irlande,2017,6.7
ISL,Islande,2017,2.7
ITA,Italie,2017,11.3
LVA,Lettonie,2017,8.7
LTU,Lituanie,2017,7.1
LUX,Luxembourg,2017,5.5
MKD,Macédoine du Nord,2017,22.4
MLT,Malte,2017,4.0
NOR,Norvège,2017,4.4
NLD,Pays-Bas,2017,5.9
POL,Pologne,2017,5.0
PRT,Portugal,2017,9.2
ROU,Roumanie,2017,6.1
SRB,Serbie,2017,14.6
SVK,Slovaquie,2017,8.1
SVN,Slovénie,2017,6.6
CHE,Suisse,2017,4.8
SWE,Suède,2017,6.8
CZE,Tchéquie,2017,2.9
TUR,Türkiye,2017,10.9
DEU,Allemagne,2018,3.2
AUT,Autriche,2018,5.2
BEL,Belgique,2018,6.0
BGR,Bulgarie,2018,6.2
CYP,Chypre,2018,8.4
HRV,Croatie,2018,8.3
DNK,Danemark,2018,5.1
ESP,Espagne,2018,15.3
EST,Estonie,2018,5.4
FIN,Finlande,2018,7.5
FRA,France,2018,9.0
GRC,Grèce,2018,19.7
HUN,Hongrie,2018,3.6
IRL,Irlande,2018,5.8
ISL,Islande,2018,2.7
ITA,Italie,2018,10.6
LVA,Lettonie,2018,7.4
LTU,Lituanie,2018,6.2
LUX,Luxembourg,2018,5.6
MKD,Macédoine du Nord,2018,20.8
MLT,Malte,2018,4.0
NOR,Norvège,2018,4.0
NLD,Pays-Bas,2018,4.9
POL,Pologne,2018,3.9
PRT,Portugal,2018,7.2
ROU,Roumanie,2018,5.3
SRB,Serbie,2018,13.8
SVK,Slovaquie,2018,6.5
SVN,Slovénie,2018,5.1
CHE,Suisse,2018,4.7
SWE,Suède,2018,6.5
CZE,Tchéquie,2018,2.2
TUR,Türkiye,2018,10.9
DEU,Allemagne,2019,2.9
AUT,Autriche,2019,4.8
BEL,Belgique,2019,5.5
BGR,Bulgarie,2019,5.2
CYP,Chypre,2019,7.2
HRV,Croatie,2019,6.6
DNK,Danemark,2019,5.0
ESP,Espagne,2019,14.1
EST,Estonie,2019,4.5
FIN,Finlande,2019,6.8
FRA,France,2019,8.4
GRC,Grèce,2019,17.9
HUN,Hongrie,2019,3.3
IRL,Irlande,2019,5.0
ISL,Islande,2019,3.5
ITA,Italie,2019,9.9
LVA,Lettonie,2019,6.3
LTU,Lituanie,2019,6.3
LUX,Luxembourg,2019,5.6
MKD,Macédoine du Nord,2019,17.3
MLT,Malte,2019,4.1
NOR,Norvège,2019,3.9
NLD,Pays-Bas,2019,4.4
POL,Pologne,2019,3.3
PRT,Portugal,2019,6.6
ROU,Roumanie,2019,4.9
SRB,Serbie,2019,11.4
SVK,Slovaquie,2019,5.7
SVN,Slovénie,2019,4.4
CHE,Suisse,2019,4.4
SWE,Suède,2019,6.9
CZE,Tchéquie,2019,2.0
TUR,Türkiye,2019,13.7
DEU,Allemagne,2020,3.6
AUT,Autriche,2020,6.0
BEL,Belgique,2020,5.8
BGR,Bulgarie,2020,6.1
CYP,Chypre,2020,7.6
HRV,Croatie,2020,7.4
DNK,Danemark,2020,5.6
ESP,Espagne,2020,15.5
EST,Estonie,2020,6.9
FIN,Finlande,2020,7.7
FRA,France,2020,8.0
GRC,Grèce,2020,17.6
HUN,Hongrie,2020,4.1
IRL,Irlande,2020,5.9
ISL,Islande,2020,5.5
ITA,Italie,2020,9.3
LVA,Lettonie,2020,8.1
LTU,Lituanie,2020,8.5
LUX,Luxembourg,2020,6.8
MKD,Macédoine du Nord,2020,16.4
MLT,Malte,2020,4.9
NOR,Norvège,2020,4.7
NLD,Pays-Bas,2020,4.9
POL,Pologne,2020,3.2
PRT,Portugal,2020,7.1
ROU,Roumanie,2020,6.1
SRB,Serbie,2020,9.8
SVK,Slovaquie,2020,6.7
SVN,Slovénie,2020,5.0
CHE,Suisse,2020,4.8
SWE,Suède,2020,8.5
CZE,Tchéquie,2020,2.6
TUR,Türkiye,2020,13.2
DEU,Allemagne,2021,3.6
AUT,Autriche,2021,6.2
BEL,Belgique,2021,6.3
BGR,Bulgarie,2021,5.2
CYP,Chypre,2021,7.2
HRV,Croatie,2021,7.5
DNK,Danemark,2021,5.1
ESP,Espagne,2021,14.9
EST,Estonie,2021,6.2
FIN,Finlande,2021,7.7
FRA,France,2021,7.9
GRC,Grèce,2021,14.7
HUN,Hongrie,2021,4.0
IRL,Irlande,2021,6.2
ISL,Islande,2021,6.1
ITA,Italie,2021,9.5
LVA,Lettonie,2021,7.6
LTU,Lituanie,2021,7.1
LUX,Luxembourg,2021,5.3
MKD,Macédoine du Nord,2021,15.5
MLT,Malte,2021,3.8
NOR,Norvège,2021,4.4
NLD,Pays-Bas,2021,4.2
POL,Pologne,2021,3.4
PRT,Portugal,2021,6.7
ROU,Roumanie,2021,5.6
SRB,Serbie,2021,11.2
SVK,Slovaquie,2021,6.8
SVN,Slovénie,2021,4.8
CHE,Suisse,2021,5.1
SWE,Suède,2021,8.9
CZE,Tchéquie,2021,2.8
TUR,Türkiye,2021,12.0
DEU,Allemagne,2022,3.1
AUT,Autriche,2022,4.8
BEL,Belgique,2022,5.6
BGR,Bulgarie,2022,4.2
CYP,Chypre,2022,6.3
HRV,Croatie,2022,6.8
DNK,Danemark,2022,4.5
ESP,Espagne,2022,13.0
EST,Estonie,2022,5.6
FIN,Finlande,2022,6.8
FRA,France,2022,7.3
GRC,Grèce,2022,12.5
HUN,Hongrie,2022,3.6
IRL,Irlande,2022,4.5
ISL,Islande,2022,3.8
ITA,Italie,2022,8.1
LVA,Lettonie,2022,6.9
LTU,Lituanie,2022,6.0
LUX,Luxembourg,2022,4.6
MKD,Macédoine du Nord,2022,14.4
MLT,Malte,2022,3.5
NOR,Norvège,2022,3.2
NLD,Pays-Bas,2022,3.5
POL,Pologne,2022,2.9
PRT,Portugal,2022,6.2
ROU,Roumanie,2022,5.6
SRB,Serbie,2022,9.6
SVK,Slovaquie,2022,6.1
SVN,Slovénie,2022,4.0
CHE,Suisse,2022,4.1
SWE,Suède,2022,7.5
CZE,Tchéquie,2022,2.2
TUR,Türkiye,2022,10.5
DEU,Allemagne,2023,3.1
AUT,Autriche,2023,5.1
BEL,Belgique,2023,5.5
BGR,Bulgarie,2023,4.3
CYP,Chypre,2023,5.8
HRV,Croatie,2023,6.1
DNK,Danemark,2023,5.1
ESP,Espagne,2023,12.2
EST,Estonie,2023,6.4
FIN,Finlande,2023,7.2
FRA,France,2023,7.3
GRC,Grèce,2023,11.1
HUN,Hongrie,2023,4.1
IRL,Irlande,2023,4.3
ISL,Islande,2023,3.5
ITA,Italie,2023,7.7
LVA,Lettonie,2023,6.5
LTU,Lituanie,2023,6.9
LUX,Luxembourg,2023,5.2
MKD,Macédoine du Nord,2023,13.1
MLT,Malte,2023,3.5
NOR,Norvège,2023,3.6
NLD,Pays-Bas,2023,3.6
POL,Pologne,2023,2.8
PRT,Portugal,2023,6.5
ROU,Roumanie,2023,5.6
SRB,Serbie,2023,9.5
SVK,Slovaquie,2023,5.8
SVN,Slovénie,2023,3.7
CHE,Suisse,2023,4.1
SWE,Suède,2023,7.7
CZE,Tchéquie,2023,2.6
TUR,Türkiye,2023,9.4
DEU,Allemagne,2024,3.5
AUT,Autriche,2024,5.2
BEL,Belgique,2024,5.7
BGR,Bulgarie,2024,4.2
CYP,Chypre,2024,4.8
HRV,Croatie,2024,5.0
DNK,Danemark,2024,6.2
ESP,Espagne,2024,11.4
EST,Estonie,2024,7.6
FIN,Finlande,2024,8.4
FRA,France,2024,7.4
GRC,Grèce,2024,10.1
HUN,Hongrie,2024,4.5
IRL,Irlande,2024,4.3
ISL,Islande,2024,3.6
ITA,Italie,2024,6.5
LVA,Lettonie,2024,6.9
LTU,Lituanie,2024,7.1
LUX,Luxembourg,2024,6.4
MKD,Macédoine du Nord,2024,12.3
MLT,Malte,2024,3.2
NOR,Norvège,2024,4.0
NLD,Pays-Bas,2024,3.7
POL,Pologne,2024,2.9
PRT,Portugal,2024,6.5
ROU,Roumanie,2024,5.4
SRB,Serbie,2024,8.6
SVK,Slovaquie,2024,5.3
SVN,Slovénie,2024,3.7
CHE,Suisse,2024,4.4
SWE,Suède,2024,8.4
CZE,Tchéquie,2024,2.6
TUR,Türkiye,2024,8.8
DEU,Allemagne,2025,3.8
AUT,Autriche,2025,5.7
BEL,Belgique,2025,6.2
BGR,Bulgarie,2025,3.5
CYP,Chypre,2025,4.4
HRV,Croatie,2025,4.9
DNK,Danemark,2025,6.4
ESP,Espagne,2025,10.5
EST,Estonie,2025,7.5
FIN,Finlande,2025,9.7
FRA,France,2025,7.7
GRC,Grèce,2025,8.9
HUN,Hongrie,2025,4.4
IRL,Irlande,2025,4.7
ISL,Islande,2025,4.5
ITA,Italie,2025,6.1
LVA,Lettonie,2025,6.9
LTU,Lituanie,2025,6.9
LUX,Luxembourg,2025,6.5
MKD,Macédoine du Nord,2025,11.5
MLT,Malte,2025,3.1
NOR,Norvège,2025,4.5
NLD,Pays-Bas,2025,3.9
POL,Pologne,2025,3.1
PRT,Portugal,2025,6.0
ROU,Roumanie,2025,6.1
SRB,Serbie,2025,8.7
SVK,Slovaquie,2025,5.4
SVN,Slovénie,2025,3.9
CHE,Suisse,2025,4.9
SWE,Suède,2025,8.8
CZE,Tchéquie,2025,2.8
TUR,Türkiye,2025,8.4
